run_id,file_name,source,local_path,minio_key,preset,status,started_at,upload_seconds,caption_seconds,total_seconds,total_tokens,model,full_caption
20260511T210207Z,frame_080000.jpg,,,2026-04-18/LP_Parking_Restroom_Loitering_1/frame_080000.jpg,vehicle_prompts,done,2026-05-11T21:02:51.919561+00:00,0.099,0.85,0.959,,nvidia/cosmos-reason2-8b,"[GENERAL VEHICLE SAFETY]
1. Yes, all vehicles are parked in designated areas without obstruction or erratic behavior.
2. Not visible

[COLLISIONS & NEAR MISSES]
3. No
4. Not visible

[PARKING & ACCESS VIOLATIONS]
5. Not visible
6. Not visible
7. Not visible

[SUSPICIOUS VEHICLE BEHAVIOR]
8. Not visible
9. Not visible
10. Not visible

[VEHICLE IDENTIFICATION]
11. Not visible
12. Not visible
13. Gray SUV, white pickup truck, light blue sedan
14. Not visible
15. Not visible
16. Not visible
17. Not visible"
20260511T210207Z,frame_080500.jpg,,,2026-04-18/LP_Parking_Restroom_Loitering_1/frame_080500.jpg,vehicle_prompts,done,2026-05-11T21:02:51.919769+00:00,0.1,1.176,1.285,,nvidia/cosmos-reason2-8b,"[GENERAL VEHICLE SAFETY]
1. Yes, all vehicles are parked in designated areas without obstruction or erratic behavior.
2. Not visible

[COLLISIONS & NEAR MISSES]
3. No
4. Not visible

[PARKING & ACCESS VIOLATIONS]
5. Not visible
6. Not visible
7. Not visible

[SUSPICIOUS VEHICLE BEHAVIOR]
8. Not visible
9. Not visible
10. Not visible

[VEHICLE IDENTIFICATION]
11. Not visible
12. Not visible
13. Gray pickup truck, silver SUV, white pickup truck
14. Not visible
15. Not visible
16. Not visible
17. Not visible"
20260511T210207Z,frame_081000.jpg,,,2026-04-18/LP_Parking_Restroom_Loitering_1/frame_081000.jpg,vehicle_prompts,done,2026-05-11T21:02:51.920427+00:00,0.099,0.964,1.072,,nvidia/cosmos-reason2-8b,"### [GENERAL VEHICLE SAFETY]
1. Not visible
2. Not visible

### [COLLISIONS & NEAR MISSES]
3. Not visible
4. Not visible

### [PARKING & ACCESS VIOLATIONS]
5. Not visible
6. Not visible
7. Not visible

### [SUSPICIOUS VEHICLE BEHAVIOR]
8. Not visible
9. Not visible
10. Not visible

### [VEHICLE IDENTIFICATION]
11. Not visible
12. Not visible
13. Not visible

### [PEDESTRIAN & CHILD SAFETY]
14. Not visible
15. Not visible
16. Not visible
17. Not visible"
20260511T210207Z,frame_081500.jpg,,,2026-04-18/LP_Parking_Restroom_Loitering_1/frame_081500.jpg,vehicle_prompts,done,2026-05-11T21:02:52.882185+00:00,0.04,0.71,0.753,,nvidia/cosmos-reason2-8b,"### GENERAL VEHICLE SAFETY
1. Not visible
2. Not visible

### COLLISIONS & NEAR MISSES
3. Not visible
4. Not visible

### PARKING & ACCESS VIOLATIONS
5. Not visible
6. Not visible
7. Not visible

### SUSPICIOUS VEHICLE BEHAVIOR
8. Not visible
9. Not visible
10. Not visible

### VEHICLE IDENTIFICATION
11. Not visible
12. Not visible
13. Not visible

### PEDESTRIAN & CHILD SAFETY
14. Not visible
15. Not visible
16. Not visible
17. Not visible"
20260511T210207Z,frame_082000.jpg,,,2026-04-18/LP_Parking_Restroom_Loitering_1/frame_082000.jpg,vehicle_prompts,done,2026-05-11T21:02:52.994433+00:00,0.033,0.694,0.808,,nvidia/cosmos-reason2-8b,"### [GENERAL VEHICLE SAFETY]
1. Not visible
2. Not visible

### [COLLISIONS & NEAR MISSES]
3. Not visible
4. Not visible

### [PARKING & ACCESS VIOLATIONS]
5. Not visible
6. Not visible
7. Not visible

### [SUSPICIOUS VEHICLE BEHAVIOR]
8. Not visible
9. Not visible
10. Not visible

### [VEHICLE IDENTIFICATION]
11. Not visible
12. Not visible
13. Not visible

### [PEDESTRIAN & CHILD SAFETY]
14. Not visible
15. Not visible
16. Not visible
17. Not visible"
20260511T210207Z,frame_082500.jpg,,,2026-04-18/LP_Parking_Restroom_Loitering_1/frame_082500.jpg,vehicle_prompts,done,2026-05-11T21:02:53.207368+00:00,0.037,0.868,0.908,,nvidia/cosmos-reason2-8b,"[GENERAL VEHICLE SAFETY]
1. Yes, all vehicles are parked in designated areas without obstruction or erratic behavior.
2. Not visible

[COLLISIONS & NEAR MISSES]
3. No collisions or near misses are observed.
4. Not visible

[PARKING & ACCESS VIOLATIONS]
5. Not visible
6. Not visible
7. Not visible

[SUSPICIOUS VEHICLE BEHAVIOR]
8. Not visible
9. Not visible
10. Not visible

[VEHICLE IDENTIFICATION]
11. Not visible
12. Not visible
13. Gray pickup truck, silver SUV, white pickup truck, gray sedan, white SUV
14. Not visible
15. Not visible
16. Not visible
17. Not visible"
20260511T210207Z,frame_083000.jpg,,,2026-04-18/LP_Parking_Restroom_Loitering_1/frame_083000.jpg,vehicle_prompts,done,2026-05-11T21:02:53.637059+00:00,0.03,0.671,0.705,,nvidia/cosmos-reason2-8b,"### GENERAL VEHICLE SAFETY
1. Not visible
2. Not visible

### COLLISIONS & NEAR MISSES
3. Not visible
4. Not visible

### PARKING & ACCESS VIOLATIONS
5. Not visible
6. Not visible
7. Not visible

### SUSPICIOUS VEHICLE BEHAVIOR
8. Not visible
9. Not visible
10. Not visible

### VEHICLE IDENTIFICATION
11. Not visible
12. Not visible
13. Not visible

### PEDESTRIAN & CHILD SAFETY
14. Not visible
15. Not visible
16. Not visible
17. Not visible"
20260511T210207Z,frame_083500.jpg,,,2026-04-18/LP_Parking_Restroom_Loitering_1/frame_083500.jpg,vehicle_prompts,done,2026-05-11T21:02:53.804313+00:00,0.029,0.778,0.81,,nvidia/cosmos-reason2-8b,"[GENERAL VEHICLE SAFETY]
1. Yes, all vehicles are parked in designated areas without obstruction or erratic behavior.
2. Not visible

[COLLISIONS & NEAR MISSES]
3. No
4. Not visible

[PARKING & ACCESS VIOLATIONS]
5. Not visible
6. Not visible
7. Not visible

[SUSPICIOUS VEHICLE BEHAVIOR]
8. Not visible
9. Not visible
10. Not visible

[VEHICLE IDENTIFICATION]
11. Not visible
12. Not visible
13. Gray SUV, Silver SUV, White SUV, White pickup truck
14. Not visible
15. Not visible
16. Not visible
17. Not visible"
20260511T210207Z,frame_084000.jpg,,,2026-04-18/LP_Parking_Restroom_Loitering_1/frame_084000.jpg,vehicle_prompts,done,2026-05-11T21:02:54.118090+00:00,0.032,0.744,0.779,,nvidia/cosmos-reason2-8b,"[GENERAL VEHICLE SAFETY]
1. Yes, all vehicles are parked in designated areas with no erratic maneuvers or obstruction of emergency routes.
2. Not visible

COLLISIONS & NEAR MISSES
3. No
4. Not visible

[PARKING & ACCESS VIOLATIONS]
5. Not visible
6. Not visible
7. Not visible

[SUSPICIOUS VEHICLE BEHAVIOR]
8. Not visible
9. Not visible
10. Not visible

[VEHICLE IDENTIFICATION]
11. Not visible
12. Not visible
13. Gray SUV, Silver SUV, Black Pickup Truck
14. Not visible
15. Not visible
16. Not visible
17. Not visible"
20260511T210207Z,frame_084500.jpg,,,2026-04-18/LP_Parking_Restroom_Loitering_1/frame_084500.jpg,vehicle_prompts,done,2026-05-11T21:02:54.344134+00:00,0.035,0.732,0.77,,nvidia/cosmos-reason2-8b,"[GENERAL VEHICLE SAFETY]
1. Yes, all vehicles are parked in designated areas with no erratic maneuvers or obstruction of emergency routes.
2. Not visible

[COLLISIONS & NEAR MISSES]
3. No
4. Not visible

[PARKING & ACCESS VIOLATIONS]
5. Not visible
6. Not visible
7. Not visible

[SUSPICIOUS VEHICLE BEHAVIOR]
8. Not visible
9. Not visible
10. Not visible

[VEHICLE IDENTIFICATION]
11. Not visible
12. Not visible
13. Not visible

[PEDESTRIAN & CHILD SAFETY]
14. Not visible
15. Not visible
16. Not visible
17. Not visible"
20260511T210207Z,frame_085000.jpg,,,2026-04-18/LP_Parking_Restroom_Loitering_1/frame_085000.jpg,vehicle_prompts,done,2026-05-11T21:02:54.616921+00:00,0.038,0.772,0.814,,nvidia/cosmos-reason2-8b,"[GENERAL VEHICLE SAFETY]
1. Yes, all vehicles are parked in designated areas without obstruction or erratic behavior.
2. Not visible

[COLLISIONS & NEAR MISSES]
3. No
4. Not visible

[PARKING & ACCESS VIOLATIONS]
5. Not visible
6. Not visible
7. Not visible

[SUSPICIOUS VEHICLE BEHAVIOR]
8. Not visible
9. Not visible
10. Not visible

[VEHICLE IDENTIFICATION]
11. Not visible
12. Not visible
13. Silver pickup truck, white SUV, white sedan, red SUV, white sedan, white SUV, white sedan
14. Not visible
15. Not visible
16. Not visible
17. Not visible"
20260511T210207Z,frame_085500.jpg,,,2026-04-18/LP_Parking_Restroom_Loitering_1/frame_085500.jpg,vehicle_prompts,done,2026-05-11T21:02:54.899622+00:00,0.033,0.761,0.798,,nvidia/cosmos-reason2-8b,"[GENERAL VEHICLE SAFETY]
1. Yes, all vehicles appear stationary and parked in designated areas, with no obstruction of emergency routes.
2. Not visible

[COLLISIONS & NEAR MISSES]
3. No
4. Not visible

[PARKING & ACCESS VIOLATIONS]
5. Not visible
6. Not visible
7. Not visible

[SUSPICIOUS VEHICLE BEHAVIOR]
8. Not visible
9. Not visible
10. Not visible

[VEHICLE IDENTIFICATION]
11. Not visible
12. Not visible
13. Gray pickup truck, silver SUV, white SUV, black SUV
14. Not visible
15. Not visible
16. Not visible
17. Not visible"
20260511T210207Z,frame_090000.jpg,,,2026-04-18/LP_Parking_Restroom_Loitering_1/frame_090000.jpg,vehicle_prompts,done,2026-05-11T21:02:55.116312+00:00,0.03,0.81,0.842,,nvidia/cosmos-reason2-8b,"[GENERAL VEHICLE SAFETY]
1. Yes, all vehicles are parked in designated areas with no erratic maneuvers or obstruction of emergency routes.
2. Not visible

[COLLISIONS & NEAR MISSES]
3. No
4. Not visible

[PARKING & ACCESS VIOLATIONS]
5. Not visible
6. Not visible
7. Not visible

[SUSPICIOUS VEHICLE BEHAVIOR]
8. Not visible
9. Not visible
10. Not visible

[VEHICLE IDENTIFICATION]
11. Not visible
12. Not visible
13. A gray pickup truck is parked in the foreground, followed by a silver SUV, a white SUV, and a black SUV further back. A white car is partially visible in the background.
14. Not visible
15. Not visible
16. Not visible
17. Not visible"
20260511T210207Z,frame_090500.jpg,,,2026-04-18/LP_Parking_Restroom_Loitering_1/frame_090500.jpg,vehicle_prompts,done,2026-05-11T21:02:55.433470+00:00,0.035,0.794,0.832,,nvidia/cosmos-reason2-8b,"[GENERAL VEHICLE SAFETY]
1. Yes, all vehicles are parked in designated areas with no erratic maneuvers or obstruction of emergency routes.
2. Not visible

[COLLISIONS & NEAR MISSES]
3. No
4. Not visible

[PARKING & ACCESS VIOLATIONS]
5. Not visible
6. Not visible
7. Not visible

[SUSPICIOUS VEHICLE BEHAVIOR]
8. Not visible
9. Not visible
10. Not visible

[VEHICLE IDENTIFICATION]
11. Not visible
12. Not visible
13. Silver pickup truck, gray SUV, white SUV, white car
14. Not visible
15. Not visible
16. Not visible
17. Not visible"
20260511T210207Z,frame_091000.jpg,,,2026-04-18/LP_Parking_Restroom_Loitering_1/frame_091000.jpg,vehicle_prompts,done,2026-05-11T21:02:55.699904+00:00,0.034,0.684,0.72,,nvidia/cosmos-reason2-8b,"### [GENERAL VEHICLE SAFETY]
1. Not visible
2. Not visible

### [COLLISIONS & NEAR MISSES]
3. Not visible
4. Not visible

### [PARKING & ACCESS VIOLATIONS]
5. Not visible
6. Not visible
7. Not visible

### [SUSPICIOUS VEHICLE BEHAVIOR]
8. Not visible
9. Not visible
10. Not visible

### [VEHICLE IDENTIFICATION]
11. Not visible
12. Not visible
13. Not visible

### [PEDESTRIAN & CHILD SAFETY]
14. Not visible
15. Not visible
16. Not visible
17. Not visible"
20260511T210207Z,frame_091500.jpg,,,2026-04-18/LP_Parking_Restroom_Loitering_1/frame_091500.jpg,vehicle_prompts,done,2026-05-11T21:02:55.960748+00:00,0.034,0.566,0.603,,nvidia/cosmos-reason2-8b,"### GENERAL VEHICLE SAFETY
1. Not visible

### COLLISIONS & NEAR MISSES
3. Not visible

### PARKING & ACCESS VIOLATIONS
5. Not visible

### SUSPICIOUS VEHICLE BEHAVIOR
8. Not visible

### VEHICLE IDENTIFICATION
11. Not visible

### PEDESTRIAN & CHILD SAFETY
14. Not visible"
20260511T210207Z,frame_092000.jpg,,,2026-04-18/LP_Parking_Restroom_Loitering_1/frame_092000.jpg,vehicle_prompts,done,2026-05-11T21:02:56.267803+00:00,0.032,0.678,0.713,,nvidia/cosmos-reason2-8b,"### GENERAL VEHICLE SAFETY
1. Not visible
2. Not visible

### COLLISIONS & NEAR MISSES
3. Not visible
4. Not visible

### PARKING & ACCESS VIOLATIONS
5. Not visible
6. Not visible
7. Not visible

### SUSPICIOUS VEHICLE BEHAVIOR
8. Not visible
9. Not visible
10. Not visible

### VEHICLE IDENTIFICATION
11. Not visible
12. Not visible
13. Not visible

### PEDESTRIAN & CHILD SAFETY
14. Not visible
15. Not visible
16. Not visible
17. Not visible"
20260511T210207Z,frame_092500.jpg,,,2026-04-18/LP_Parking_Restroom_Loitering_1/frame_092500.jpg,vehicle_prompts,done,2026-05-11T21:02:56.422495+00:00,0.031,0.727,0.761,,nvidia/cosmos-reason2-8b,"### [GENERAL VEHICLE SAFETY]
1. Not visible
2. Not visible

### [COLLISIONS & NEAR MISSES]
3. Not visible
4. Not visible

### [PARKING & ACCESS VIOLATIONS]
5. Not visible
6. Not visible
7. Not visible

### [SUSPICIOUS VEHICLE BEHAVIOR]
8. Not visible
9. Not visible
10. Not visible

### [VEHICLE IDENTIFICATION]
11. Not visible
12. Not visible
13. Not visible

### [PEDESTRIAN & CHILD SAFETY]
14. Not visible
15. Not visible
16. Not visible
17. Not visible"
20260511T210207Z,frame_093000.jpg,,,2026-04-18/LP_Parking_Restroom_Loitering_1/frame_093000.jpg,vehicle_prompts,done,2026-05-11T21:02:56.565328+00:00,0.028,0.889,0.919,,nvidia/cosmos-reason2-8b,"[GENERAL VEHICLE SAFETY]
1. Yes, all vehicles are parked in designated areas without obstruction or erratic behavior.
2. Not visible

[COLLISIONS & NEAR MISSES]
3. No
4. Not visible

[PARKING & ACCESS VIOLATIONS]
5. Not visible
6. Not visible
7. Not visible

[SUSPICIOUS VEHICLE BEHAVIOR]
8. Not visible
9. Not visible
10. Not visible

[VEHICLE IDENTIFICATION]
11. Not visible
12. Not visible
13. Gray pickup truck, white SUV, silver sedan, white sedan, gray sedan, white sedan, gray sedan
14. Not visible
15. Not visible
16. Not visible
17. Not visible"
20260511T210207Z,frame_093500.jpg,,,2026-04-18/LP_Parking_Restroom_Loitering_1/frame_093500.jpg,vehicle_prompts,done,2026-05-11T21:02:56.983228+00:00,0.03,0.682,0.719,,nvidia/cosmos-reason2-8b,"### [GENERAL VEHICLE SAFETY]
1. Not visible
2. Not visible

### [COLLISIONS & NEAR MISSES]
3. Not visible
4. Not visible

### [PARKING & ACCESS VIOLATIONS]
5. Not visible
6. Not visible
7. Not visible

### [SUSPICIOUS VEHICLE BEHAVIOR]
8. Not visible
9. Not visible
10. Not visible

### [VEHICLE IDENTIFICATION]
11. Not visible
12. Not visible
13. Not visible

### [PEDESTRIAN & CHILD SAFETY]
14. Not visible
15. Not visible
16. Not visible
17. Not visible"
20260511T210207Z,frame_094000.jpg,,,2026-04-18/LP_Parking_Restroom_Loitering_1/frame_094000.jpg,vehicle_prompts,done,2026-05-11T21:02:57.184880+00:00,0.034,0.656,0.692,,nvidia/cosmos-reason2-8b,"[GENERAL VEHICLE SAFETY]
1. Not visible
2. Not visible

[COLLISIONS & NEAR MISSES]
3. Not visible
4. Not visible

[PARKING & ACCESS VIOLATIONS]
5. Not visible
6. Not visible
7. Not visible

[SUSPICIOUS VEHICLE BEHAVIOR]
8. Not visible
9. Not visible
10. Not visible

[VEHICLE IDENTIFICATION]
11. Not visible
12. Not visible
13. Not visible

[PEDESTRIAN & CHILD SAFETY]
14. Not visible
15. Not visible
16. Not visible
17. Not visible"
20260511T210207Z,frame_094500.jpg,,,2026-04-18/LP_Parking_Restroom_Loitering_1/frame_094500.jpg,vehicle_prompts,done,2026-05-11T21:02:57.486436+00:00,0.037,0.652,0.692,,nvidia/cosmos-reason2-8b,"[GENERAL VEHICLE SAFETY]
1. Not visible
2. Not visible

[COLLISIONS & NEAR MISSES]
3. Not visible
4. Not visible

[PARKING & ACCESS VIOLATIONS]
5. Not visible
6. Not visible
7. Not visible

[SUSPICIOUS VEHICLE BEHAVIOR]
8. Not visible
9. Not visible
10. Not visible

[VEHICLE IDENTIFICATION]
11. Not visible
12. Not visible
13. Not visible

[PEDESTRIAN & CHILD SAFETY]
14. Not visible
15. Not visible
16. Not visible
17. Not visible"
20260511T210207Z,frame_095000.jpg,,,2026-04-18/LP_Parking_Restroom_Loitering_1/frame_095000.jpg,vehicle_prompts,done,2026-05-11T21:02:57.704796+00:00,0.036,0.671,0.71,,nvidia/cosmos-reason2-8b,"### GENERAL VEHICLE SAFETY
1. Not visible
2. Not visible

### COLLISIONS & NEAR MISSES
3. Not visible
4. Not visible

### PARKING & ACCESS VIOLATIONS
5. Not visible
6. Not visible
7. Not visible

### SUSPICIOUS VEHICLE BEHAVIOR
8. Not visible
9. Not visible
10. Not visible

### VEHICLE IDENTIFICATION
11. Not visible
12. Not visible
13. Not visible

### PEDESTRIAN & CHILD SAFETY
14. Not visible
15. Not visible
16. Not visible
17. Not visible"
20260511T210207Z,frame_095500.jpg,,,2026-04-18/LP_Parking_Restroom_Loitering_1/frame_095500.jpg,vehicle_prompts,done,2026-05-11T21:02:57.879311+00:00,0.032,0.728,0.763,,nvidia/cosmos-reason2-8b,"### [GENERAL VEHICLE SAFETY]
1. Not visible
2. Not visible

### [COLLISIONS & NEAR MISSES]
3. Not visible
4. Not visible

### [PARKING & ACCESS VIOLATIONS]
5. Not visible
6. Not visible
7. Not visible

### [SUSPICIOUS VEHICLE BEHAVIOR]
8. Not visible
9. Not visible
10. Not visible

### [VEHICLE IDENTIFICATION]
11. Not visible
12. Not visible
13. Not visible

### [PEDESTRIAN & CHILD SAFETY]
14. Not visible
15. Not visible
16. Not visible
17. Not visible"
20260511T210207Z,frame_100000.jpg,,,2026-04-18/LP_Parking_Restroom_Loitering_1/frame_100000.jpg,vehicle_prompts,done,2026-05-11T21:02:58.180507+00:00,0.039,0.738,0.78,,nvidia/cosmos-reason2-8b,"[GENERAL VEHICLE SAFETY]
1. Yes, all vehicles are parked in designated areas without obstruction or erratic behavior.
2. Not visible

[COLLISIONS & NEAR MISSES]
3. No
4. Not visible

[PARKING & ACCESS VIOLATIONS]
5. Not visible
6. Not visible
7. Not visible

[SUSPICIOUS VEHICLE BEHAVIOR]
8. Not visible
9. Not visible
10. Not visible

[VEHICLE IDENTIFICATION]
11. Not visible
12. Not visible
13. Gray pickup truck, white SUV, red pickup truck
14. Not visible
15. Not visible
16. Not visible
17. Not visible"
20260511T210207Z,frame_100500.jpg,,,2026-04-18/LP_Parking_Restroom_Loitering_1/frame_100500.jpg,vehicle_prompts,done,2026-05-11T21:02:58.416998+00:00,0.031,0.758,0.793,,nvidia/cosmos-reason2-8b,"[GENERAL VEHICLE SAFETY]
1. Yes, all vehicles are parked in designated areas with no erratic maneuvers or obstruction of emergency routes.
2. Not visible

[COLLISIONS & NEAR MISSES]
3. No
4. Not visible

[PARKING & ACCESS VIOLATIONS]
5. Not visible
6. Not visible
7. Not visible

[SUSPICIOUS VEHICLE BEHAVIOR]
8. Not visible
9. Not visible
10. Not visible

[VEHICLE IDENTIFICATION]
11. Not visible
12. Not visible
13. Gray pickup truck, red pickup truck, white SUV
14. Not visible
15. Not visible
16. Not visible
17. Not visible"
20260511T210207Z,frame_101000.jpg,,,2026-04-18/LP_Parking_Restroom_Loitering_1/frame_101000.jpg,vehicle_prompts,done,2026-05-11T21:02:58.644197+00:00,0.039,0.717,0.76,,nvidia/cosmos-reason2-8b,"[GENERAL VEHICLE SAFETY]
1. Yes, all vehicles are parked in designated areas with no erratic maneuvers or obstruction of emergency routes.
2. Not visible

[COLLISIONS & NEAR MISSES]
3. No
4. Not visible

[PARKING & ACCESS VIOLATIONS]
5. No
6. Not visible
7. Not visible

[SUSPICIOUS VEHICLE BEHAVIOR]
8. Not visible
9. Not visible
10. Not visible

[VEHICLE IDENTIFICATION]
11. Not visible
12. Not visible
13. Red car, silver car, white car
14. Not visible
15. Not visible
16. Not visible
17. Not visible"
20260511T210207Z,frame_101500.jpg,,,2026-04-18/LP_Parking_Restroom_Loitering_1/frame_101500.jpg,vehicle_prompts,done,2026-05-11T21:02:58.962712+00:00,0.031,0.819,0.854,,nvidia/cosmos-reason2-8b,"[GENERAL VEHICLE SAFETY]
1. Yes, all vehicles are parked in designated areas with no erratic maneuvers or obstruction of emergency routes.
2. Not visible

[COLLISIONS & NEAR MISSES]
3. No
4. Not visible

[PARKING & ACCESS VIOLATIONS]
5. Not visible
6. Not visible
7. Not visible

[SUSPICIOUS VEHICLE BEHAVIOR]
8. Not visible
9. Not visible
10. Not visible

[VEHICLE IDENTIFICATION]
11. Not visible
12. Not visible
13. Gray pickup truck, silver SUV, red pickup truck, white SUV
14. Not visible
15. Not visible
16. Not visible
17. Not visible"
20260511T210207Z,frame_102000.jpg,,,2026-04-18/LP_Parking_Restroom_Loitering_1/frame_102000.jpg,vehicle_prompts,done,2026-05-11T21:02:59.213071+00:00,0.033,0.737,0.774,,nvidia/cosmos-reason2-8b,"[GENERAL VEHICLE SAFETY]
1. Yes, all vehicles are parked in designated areas with no erratic maneuvers or obstruction of emergency routes.
2. Not visible

COLLISIONS & NEAR MISSES
3. No
4. Not visible

[PARKING & ACCESS VIOLATIONS]
5. Not visible
6. Not visible
7. Not visible

[SUSPICIOUS VEHICLE BEHAVIOR]
8. Not visible
9. Not visible
10. Not visible

[VEHICLE IDENTIFICATION]
11. Not visible
12. Not visible
13. Gray pickup truck, white SUV, red pickup truck
14. Not visible
15. Not visible
16. Not visible
17. Not visible"
20260511T210207Z,frame_102500.jpg,,,2026-04-18/LP_Parking_Restroom_Loitering_1/frame_102500.jpg,vehicle_prompts,done,2026-05-11T21:02:59.406218+00:00,0.034,0.766,0.808,,nvidia/cosmos-reason2-8b,"[GENERAL VEHICLE SAFETY]
1. Yes, all vehicles are parked or moving in designated areas without obstruction.
2. Not visible

COLLISIONS & NEAR MISSES
3. No
4. Not visible

[PARKING & ACCESS VIOLATIONS]
5. Not visible
6. Not visible
7. Not visible

[SUSPICIOUS VEHICLE BEHAVIOR]
8. Not visible
9. Not visible
10. Not visible

[VEHICLE IDENTIFICATION]
11. Not visible
12. Not visible
13. Gray pickup truck, silver SUV, red pickup truck, white sedan, black SUV
14. Not visible
15. Not visible
16. Not visible
17. Not visible"
20260511T210207Z,frame_103000.jpg,,,2026-04-18/LP_Parking_Restroom_Loitering_1/frame_103000.jpg,vehicle_prompts,done,2026-05-11T21:02:59.818718+00:00,0.031,0.968,1.002,,nvidia/cosmos-reason2-8b,"[GENERAL VEHICLE SAFETY]
1. All vehicles appear stationary and properly parked in designated areas, with no obstruction of emergency routes.
2. Not visible

[COLLISIONS & NEAR MISSES]
3. No collisions or near misses are observed.
4. Not visible

[PARKING & ACCESS VIOLATIONS]
5. No vehicles are parked in fire lanes or restricted zones.
6. No vehicles are making contact with buildings or obstructions.
7. Not visible

[SUSPICIOUS VEHICLE BEHAVIOR]
8. No vehicles are operating in reverse or making unexpected maneuvers.
9. Not visible
10. Not visible

[VEHICLE IDENTIFICATION]
11. Not visible
12. Not visible
13. Gray pickup truck, white SUV, red sedan, blue SUV
14. Not visible
15. Not visible
16. Not visible
17. Not visible"
20260511T210207Z,frame_103500.jpg,,,2026-04-18/LP_Parking_Restroom_Loitering_1/frame_103500.jpg,vehicle_prompts,done,2026-05-11T21:02:59.988975+00:00,0.032,0.875,0.91,,nvidia/cosmos-reason2-8b,"[GENERAL VEHICLE SAFETY]
1. Yes, all vehicles are parked or stationary in designated areas, with no erratic maneuvers or obstructions to emergency routes.
2. Not visible

[COLLISIONS & NEAR MISSES]
3. No
4. Not visible

[PARKING & ACCESS VIOLATIONS]
5. Not visible
6. Not visible
7. Not visible

[SUSPICIOUS VEHICLE BEHAVIOR]
8. Not visible
9. Not visible
10. Not visible

[VEHICLE IDENTIFICATION]
11. Not visible
12. Not visible
13. A gray pickup truck is parked in the foreground, with a silver pickup truck and a white SUV parked behind it; a black SUV is also parked further back.
14. Not visible
15. Not visible
16. Not visible
17. Not visible"
20260511T210207Z,frame_104000.jpg,,,2026-04-18/LP_Parking_Restroom_Loitering_1/frame_104000.jpg,vehicle_prompts,done,2026-05-11T21:03:00.216758+00:00,0.03,0.764,0.798,,nvidia/cosmos-reason2-8b,"[GENERAL VEHICLE SAFETY]
1. Yes, all vehicles are parked in designated areas with no erratic maneuvers or obstruction of emergency routes.
2. Not visible

[COLLISIONS & NEAR MISSES]
3. No
4. Not visible

[PARKING & ACCESS VIOLATIONS]
5. Not visible
6. Not visible
7. Not visible

[SUSPICIOUS VEHICLE BEHAVIOR]
8. Not visible
9. Not visible
10. Not visible

[VEHICLE IDENTIFICATION]
11. Not visible
12. Not visible
13. Gray pickup truck, silver SUV, white SUV, blue car
14. Not visible
15. Not visible
16. Not visible
17. Not visible"
20260511T210207Z,frame_104500.jpg,,,2026-04-18/LP_Parking_Restroom_Loitering_1/frame_104500.jpg,vehicle_prompts,done,2026-05-11T21:03:00.823205+00:00,0.039,0.828,0.871,,nvidia/cosmos-reason2-8b,"[GENERAL VEHICLE SAFETY]
1. Yes, all vehicles are parked in designated areas without obstruction or erratic behavior.
2. Not visible

[COLLISIONS & NEAR MISSES]
3. No
4. Not visible

[PARKING & ACCESS VIOLATIONS]
5. Not visible
6. Not visible
7. Not visible

[SUSPICIOUS VEHICLE BEHAVIOR]
8. Not visible
9. Not visible
10. Not visible

[VEHICLE IDENTIFICATION]
11. Not visible
12. Not visible
13. Gray pickup truck, black pickup truck, white SUV, dark-colored SUV
14. Not visible
15. Not visible
16. Not visible
17. Not visible"
20260511T210207Z,frame_105000.jpg,,,2026-04-18/LP_Parking_Restroom_Loitering_1/frame_105000.jpg,vehicle_prompts,done,2026-05-11T21:03:00.900813+00:00,0.029,0.952,0.984,,nvidia/cosmos-reason2-8b,"### [GENERAL VEHICLE SAFETY]
1. Not visible
2. Not visible

### [COLLISIONS & NEAR MISSES]
3. Not visible
4. Not visible

### [PARKING & ACCESS VIOLATIONS]
5. Not visible
6. Not visible
7. Not visible

### [SUSPICIOUS VEHICLE BEHAVIOR]
8. Not visible
9. Not visible
10. Not visible

### [VEHICLE IDENTIFICATION]
11. Not visible
12. Not visible
13. Not visible

### [PEDESTRIAN & CHILD SAFETY]
14. Not visible
15. Not visible
16. Not visible
17. Not visible"
20260511T210207Z,frame_105500.jpg,,,2026-04-18/LP_Parking_Restroom_Loitering_1/frame_105500.jpg,vehicle_prompts,done,2026-05-11T21:03:01.016686+00:00,0.03,0.951,0.984,,nvidia/cosmos-reason2-8b,"[GENERAL VEHICLE SAFETY]
1. Yes, all vehicles appear to be parked in designated areas, with no visible erratic maneuvers or obstructions.
2. Not visible

[COLLISIONS & NEAR MISSES]
3. No
4. Not visible

[PARKING & ACCESS VIOLATIONS]
5. Not visible
6. Not visible
7. Not visible

[SUSPICIOUS VEHICLE BEHAVIOR]
8. Not visible
9. Not visible
10. Not visible

[VEHICLE IDENTIFICATION]
11. Not visible
12. Not visible
13. Not visible
14. Not visible
15. Not visible
16. Not visible
17. Not visible"
20260511T210207Z,frame_110000.jpg,,,2026-04-18/LP_Parking_Restroom_Loitering_1/frame_110000.jpg,vehicle_prompts,done,2026-05-11T21:03:01.696507+00:00,0.045,0.689,0.737,,nvidia/cosmos-reason2-8b,"[GENERAL VEHICLE SAFETY]
1. Not visible
2. Not visible

[COLLISIONS & NEAR MISSES]
3. Not visible
4. Not visible

[PARKING & ACCESS VIOLATIONS]
5. Not visible
6. Not visible
7. Not visible

[SUSPICIOUS VEHICLE BEHAVIOR]
8. Not visible
9. Not visible
10. Not visible

[VEHICLE IDENTIFICATION]
11. Not visible
12. Not visible
13. Silver pickup truck, white SUV, blue car
14. Not visible
15. Not visible
16. Not visible
17. Not visible"
20260511T210207Z,frame_110500.jpg,,,2026-04-18/LP_Parking_Restroom_Loitering_1/frame_110500.jpg,vehicle_prompts,done,2026-05-11T21:03:01.886847+00:00,0.034,0.681,0.718,,nvidia/cosmos-reason2-8b,"### [GENERAL VEHICLE SAFETY]
1. Not visible
2. Not visible

### [COLLISIONS & NEAR MISSES]
3. Not visible
4. Not visible

### [PARKING & ACCESS VIOLATIONS]
5. Not visible
6. Not visible
7. Not visible

### [SUSPICIOUS VEHICLE BEHAVIOR]
8. Not visible
9. Not visible
10. Not visible

### [VEHICLE IDENTIFICATION]
11. Not visible
12. Not visible
13. Not visible

### [PEDESTRIAN & CHILD SAFETY]
14. Not visible
15. Not visible
16. Not visible
17. Not visible"
20260511T210207Z,frame_111000.jpg,,,2026-04-18/LP_Parking_Restroom_Loitering_1/frame_111000.jpg,vehicle_prompts,done,2026-05-11T21:03:02.003087+00:00,0.027,0.73,0.76,,nvidia/cosmos-reason2-8b,"### GENERAL VEHICLE SAFETY
1. Not visible

### COLLISIONS & NEAR MISSES
3. Not visible

### PARKING & ACCESS VIOLATIONS
5. Not visible

### SUSPICIOUS VEHICLE BEHAVIOR
8. Not visible

### VEHICLE IDENTIFICATION
11. Not visible

### PEDESTRIAN & CHILD SAFETY
14. Not visible"
20260511T210207Z,frame_111500.jpg,,,2026-04-18/LP_Parking_Restroom_Loitering_1/frame_111500.jpg,vehicle_prompts,done,2026-05-11T21:03:02.435470+00:00,0.034,0.743,0.78,,nvidia/cosmos-reason2-8b,"### [GENERAL VEHICLE SAFETY]
1. Not visible
2. Not visible

### [COLLISIONS & NEAR MISSES]
3. Not visible
4. Not visible

### [PARKING & ACCESS VIOLATIONS]
5. Not visible
6. Not visible
7. Not visible

### [SUSPICIOUS VEHICLE BEHAVIOR]
8. Not visible
9. Not visible
10. Not visible

### [VEHICLE IDENTIFICATION]
11. Not visible
12. Not visible
13. Not visible

### [PEDESTRIAN & CHILD SAFETY]
14. Not visible
15. Not visible
16. Not visible
17. Not visible"
20260511T210207Z,frame_112000.jpg,,,2026-04-18/LP_Parking_Restroom_Loitering_1/frame_112000.jpg,vehicle_prompts,done,2026-05-11T21:03:02.606785+00:00,0.033,0.691,0.726,,nvidia/cosmos-reason2-8b,"[GENERAL VEHICLE SAFETY]
1. Not visible
2. Not visible

[COLLISIONS & NEAR MISSES]
3. Not visible
4. Not visible

[PARKING & ACCESS VIOLATIONS]
5. Not visible
6. Not visible
7. Not visible

[SUSPICIOUS VEHICLE BEHAVIOR]
8. Not visible
9. Not visible
10. Not visible

[VEHICLE IDENTIFICATION]
11. Not visible
12. Not visible
13. Not visible

[PEDESTRIAN & CHILD SAFETY]
14. Not visible
15. Not visible
16. Not visible
17. Not visible"
20260511T210207Z,frame_112500.jpg,,,2026-04-18/LP_Parking_Restroom_Loitering_1/frame_112500.jpg,vehicle_prompts,done,2026-05-11T21:03:02.765218+00:00,0.03,0.802,0.834,,nvidia/cosmos-reason2-8b,"[GENERAL VEHICLE SAFETY]
1. Not visible
2. Not visible

[COLLISIONS & NEAR MISSES]
3. Not visible
4. Not visible

[PARKING & ACCESS VIOLATIONS]
5. Not visible
6. Not visible
7. Not visible

[SUSPICIOUS VEHICLE BEHAVIOR]
8. Not visible
9. Not visible
10. Not visible

[VEHICLE IDENTIFICATION]
11. Not visible
12. Not visible
13. Red and black Ford pickup truck; silver pickup truck; white SUV; black SUV; white sedan; white pickup truck
14. Not visible
15. Not visible
16. Not visible
17. Not visible"
20260511T210207Z,frame_113000.jpg,,,2026-04-18/LP_Parking_Restroom_Loitering_1/frame_113000.jpg,vehicle_prompts,done,2026-05-11T21:03:03.217656+00:00,0.031,0.775,0.808,,nvidia/cosmos-reason2-8b,"[GENERAL VEHICLE SAFETY]
1. Not visible
2. Not visible

[COLLISIONS & NEAR MISSES]
3. Not visible
4. Not visible

[PARKING & ACCESS VIOLATIONS]
5. Not visible
6. Not visible
7. Not visible

[SUSPICIOUS VEHICLE BEHAVIOR]
8. Not visible
9. Not visible
10. Not visible

[VEHICLE IDENTIFICATION]
11. Not visible
12. Not visible
13. Not visible

[PEDESTRIAN & CHILD SAFETY]
14. Not visible
15. Not visible
16. Not visible
17. Not visible"
20260511T210207Z,frame_113500.jpg,,,2026-04-18/LP_Parking_Restroom_Loitering_1/frame_113500.jpg,vehicle_prompts,done,2026-05-11T21:03:03.335249+00:00,0.036,0.798,0.837,,nvidia/cosmos-reason2-8b,"[GENERAL VEHICLE SAFETY]
1. Yes, all vehicles are parked in designated areas without obstruction or erratic behavior.
2. Not visible

[COLLISIONS & NEAR MISSES]
3. No
4. Not visible

[PARKING & ACCESS VIOLATIONS]
5. Not visible
6. Not visible
7. Not visible

[SUSPICIOUS VEHICLE BEHAVIOR]
8. Not visible
9. Not visible
10. Not visible

[VEHICLE IDENTIFICATION]
11. Not visible
12. Not visible
13. Gray pickup truck, white SUV, blue car
14. Not visible
15. Not visible
16. Not visible
17. Not visible"
20260511T210207Z,frame_114000.jpg,,,2026-04-18/LP_Parking_Restroom_Loitering_1/frame_114000.jpg,vehicle_prompts,done,2026-05-11T21:03:03.601416+00:00,0.026,0.804,0.833,,nvidia/cosmos-reason2-8b,"[GENERAL VEHICLE SAFETY]
1. Yes, all vehicles are parked in designated areas with no erratic maneuvers or obstruction of emergency routes.
2. Not visible

[COLLISIONS & NEAR MISSES]
3. No
4. Not visible

[PARKING & ACCESS VIOLATIONS]
5. Not visible
6. Not visible
7. Not visible

[SUSPICIOUS VEHICLE BEHAVIOR]
8. Not visible
9. Not visible
10. Not visible

[VEHICLE IDENTIFICATION]
11. Not visible
12. Not visible
13. SUV - Gray, Make and model not clearly identifiable; Passenger car - White, Make and model not clearly identifiable
14. Not visible
15. Not visible
16. Not visible
17. Not visible"
20260511T210207Z,frame_114500.jpg,,,2026-04-18/LP_Parking_Restroom_Loitering_1/frame_114500.jpg,vehicle_prompts,done,2026-05-11T21:03:04.028771+00:00,0.037,0.743,0.783,,nvidia/cosmos-reason2-8b,"### [GENERAL VEHICLE SAFETY]
1. Not visible
2. Not visible

### [COLLISIONS & NEAR MISSES]
3. Not visible
4. Not visible

### [PARKING & ACCESS VIOLATIONS]
5. Not visible
6. Not visible
7. Not visible

### [SUSPICIOUS VEHICLE BEHAVIOR]
8. Not visible
9. Not visible
10. Not visible

### [VEHICLE IDENTIFICATION]
11. Not visible
12. Not visible
13. Not visible

### [PEDESTRIAN & CHILD SAFETY]
14. Not visible
15. Not visible
16. Not visible
17. Not visible"
20260511T210207Z,frame_115000.jpg,,,2026-04-18/LP_Parking_Restroom_Loitering_1/frame_115000.jpg,vehicle_prompts,done,2026-05-11T21:03:04.174068+00:00,0.031,0.778,0.811,,nvidia/cosmos-reason2-8b,"[GENERAL VEHICLE SAFETY]
1. Yes, all vehicles are parked in designated areas without obstruction or erratic behavior.
2. Not visible

[COLLISIONS & NEAR MISSES]
3. No
4. Not visible

[PARKING & ACCESS VIOLATIONS]
5. Not visible
6. Not visible
7. Not visible

[SUSPICIOUS VEHICLE BEHAVIOR]
8. Not visible
9. Not visible
10. Not visible

[VEHICLE IDENTIFICATION]
11. Not visible
12. Not visible
13. Gray pickup truck, silver SUV, white SUV, black SUV
14. Not visible
15. Not visible
16. Not visible
17. Not visible"
20260511T210207Z,frame_115500.jpg,,,2026-04-18/LP_Parking_Restroom_Loitering_1/frame_115500.jpg,vehicle_prompts,done,2026-05-11T21:03:04.436314+00:00,0.033,0.72,0.755,,nvidia/cosmos-reason2-8b,"[GENERAL VEHICLE SAFETY]
1. Yes, all vehicles are parked in designated areas without obstruction or erratic behavior.
2. Not visible

[COLLISIONS & NEAR MISSES]
3. No
4. Not visible

[PARKING & ACCESS VIOLATIONS]
5. Not visible
6. Not visible
7. Not visible

[SUSPICIOUS VEHICLE BEHAVIOR]
8. Not visible
9. Not visible
10. Not visible

[VEHICLE IDENTIFICATION]
11. Not visible
12. Not visible
13. Gray pickup truck, silver SUV, black SUV
14. Not visible
15. Not visible
16. Not visible
17. Not visible"
20260511T210207Z,frame_120000.jpg,,,2026-04-18/LP_Parking_Restroom_Loitering_1/frame_120000.jpg,vehicle_prompts,done,2026-05-11T21:03:04.813768+00:00,0.036,0.744,0.783,,nvidia/cosmos-reason2-8b,"[GENERAL VEHICLE SAFETY]
1. Yes, all vehicles are parked in designated areas with no erratic maneuvers or obstruction of emergency routes.
2. Not visible

[COLLISIONS & NEAR MISSES]
3. No
4. Not visible

[PARKING & ACCESS VIOLATIONS]
5. Not visible
6. Not visible
7. Not visible

[SUSPICIOUS VEHICLE BEHAVIOR]
8. Not visible
9. Not visible
10. Not visible

[VEHICLE IDENTIFICATION]
11. Not visible
12. Not visible
13. Gray pickup truck, silver SUV, white SUV
14. Not visible
15. Not visible
16. Not visible
17. Not visible"
20260511T210207Z,frame_120500.jpg,,,2026-04-18/LP_Parking_Restroom_Loitering_1/frame_120500.jpg,vehicle_prompts,done,2026-05-11T21:03:04.987126+00:00,0.038,0.76,0.802,,nvidia/cosmos-reason2-8b,"[GENERAL VEHICLE SAFETY]
1. Yes, all vehicles are parked in designated areas with no erratic maneuvers or obstruction of emergency routes.
2. Not visible

COLLISIONS & NEAR MISSES
3. No
4. Not visible

[PARKING & ACCESS VIOLATIONS]
5. Not visible
6. Not visible
7. Not visible

[SUSPICIOUS VEHICLE BEHAVIOR]
8. Not visible
9. Not visible
10. Not visible

[VEHICLE IDENTIFICATION]
11. Not visible
12. Not visible
13. Gray pickup truck, silver SUV, black SUV, white SUV
14. Not visible
15. Not visible
16. Not visible
17. Not visible"
20260511T210207Z,frame_121000.jpg,,,2026-04-18/LP_Parking_Restroom_Loitering_1/frame_121000.jpg,vehicle_prompts,done,2026-05-11T21:03:05.194221+00:00,0.034,0.793,0.831,,nvidia/cosmos-reason2-8b,"[GENERAL VEHICLE SAFETY]
1. All vehicles appear to be parked in designated areas, with no visible erratic maneuvers or obstructions to emergency routes.
2. Not visible

[COLLISIONS & NEAR MISSES]
3. Not visible
4. Not visible

[PARKING & ACCESS VIOLATIONS]
5. Not visible
6. Not visible
7. Not visible

[SUSPICIOUS VEHICLE BEHAVIOR]
8. Not visible
9. Not visible
10. Not visible

[VEHICLE IDENTIFICATION]
11. Not visible
12. Not visible
13. Gray pickup truck, silver SUV, white SUV
14. Not visible
15. Not visible
16. Not visible
17. Not visible"
20260511T210207Z,frame_121500.jpg,,,2026-04-18/LP_Parking_Restroom_Loitering_1/frame_121500.jpg,vehicle_prompts,done,2026-05-11T21:03:05.599637+00:00,0.036,0.792,0.831,,nvidia/cosmos-reason2-8b,"[GENERAL VEHICLE SAFETY]
1. Yes, all vehicles are parked in designated areas without obstruction or erratic behavior.
2. Not visible

[COLLISIONS & NEAR MISSES]
3. No collisions or near misses are observed.
4. Not visible

[PARKING & ACCESS VIOLATIONS]
5. Not visible
6. Not visible
7. Not visible

[SUSPICIOUS VEHICLE BEHAVIOR]
8. Not visible
9. Not visible
10. Not visible

[VEHICLE IDENTIFICATION]
11. Not visible
12. Not visible
13. Silver pickup truck, white sedan, white SUV, red pickup truck
14. Not visible
15. Not visible
16. Not visible
17. Not visible"
20260511T210207Z,frame_122000.jpg,,,2026-04-18/LP_Parking_Restroom_Loitering_1/frame_122000.jpg,vehicle_prompts,done,2026-05-11T21:03:05.791096+00:00,0.038,0.684,0.729,,nvidia/cosmos-reason2-8b,"### [GENERAL VEHICLE SAFETY]
1. Not visible
2. Not visible

### [COLLISIONS & NEAR MISSES]
3. Not visible
4. Not visible

### [PARKING & ACCESS VIOLATIONS]
5. Not visible
6. Not visible
7. Not visible

### [SUSPICIOUS VEHICLE BEHAVIOR]
8. Not visible
9. Not visible
10. Not visible

### [VEHICLE IDENTIFICATION]
11. Not visible
12. Not visible
13. Not visible

### [PEDESTRIAN & CHILD SAFETY]
14. Not visible
15. Not visible
16. Not visible
17. Not visible"
20260511T210207Z,frame_122500.jpg,,,2026-04-18/LP_Parking_Restroom_Loitering_1/frame_122500.jpg,vehicle_prompts,done,2026-05-11T21:03:06.027421+00:00,0.037,0.732,0.772,,nvidia/cosmos-reason2-8b,"[GENERAL VEHICLE SAFETY]
1. Yes, all vehicles are parked in designated areas without obstruction or erratic behavior.
2. Not visible

[COLLISIONS & NEAR MISSES]
3. No
4. Not visible

[PARKING & ACCESS VIOLATIONS]
5. Not visible
6. Not visible
7. Not visible

[SUSPICIOUS VEHICLE BEHAVIOR]
8. Not visible
9. Not visible
10. Not visible

[VEHICLE IDENTIFICATION]
11. Not visible
12. Not visible
13. Gray pickup truck, white sedan, black SUV
14. Not visible
15. Not visible
16. Not visible
17. Not visible"
20260511T210207Z,frame_123000.jpg,,,2026-04-18/LP_Parking_Restroom_Loitering_1/frame_123000.jpg,vehicle_prompts,done,2026-05-11T21:03:06.433638+00:00,0.04,0.772,0.816,,nvidia/cosmos-reason2-8b,"[GENERAL VEHICLE SAFETY]
1. Yes, all vehicles are parked in designated areas without obstruction or erratic behavior.
2. Not visible

[COLLISIONS & NEAR MISSES]
3. No
4. Not visible

[PARKING & ACCESS VIOLATIONS]
5. Not visible
6. Not visible
7. Not visible

[SUSPICIOUS VEHICLE BEHAVIOR]
8. Not visible
9. Not visible
10. Not visible

[VEHICLE IDENTIFICATION]
11. Not visible
12. Not visible
13. Gray pickup truck, black SUV, white SUV
14. Not visible
15. Not visible
16. Not visible
17. Not visible"
20260511T210207Z,frame_123500.jpg,,,2026-04-18/LP_Parking_Restroom_Loitering_1/frame_123500.jpg,vehicle_prompts,done,2026-05-11T21:03:06.521860+00:00,0.028,0.794,0.825,,nvidia/cosmos-reason2-8b,"### [GENERAL VEHICLE SAFETY]
1. Not visible
2. Not visible

### [COLLISIONS & NEAR MISSES]
3. Not visible
4. Not visible

### [PARKING & ACCESS VIOLATIONS]
5. Not visible
6. Not visible
7. Not visible

### [SUSPICIOUS VEHICLE BEHAVIOR]
8. Not visible
9. Not visible
10. Not visible

### [VEHICLE IDENTIFICATION]
11. Not visible
12. Not visible
13. Not visible

### [PEDESTRIAN & CHILD SAFETY]
14. Not visible
15. Not visible
16. Not visible
17. Not visible"
20260511T210207Z,frame_124000.jpg,,,2026-04-18/LP_Parking_Restroom_Loitering_1/frame_124000.jpg,vehicle_prompts,done,2026-05-11T21:03:06.801965+00:00,0.034,0.704,0.741,,nvidia/cosmos-reason2-8b,"### [GENERAL VEHICLE SAFETY]
1. Not visible
2. Not visible

### [COLLISIONS & NEAR MISSES]
3. Not visible
4. Not visible

### [PARKING & ACCESS VIOLATIONS]
5. Not visible
6. Not visible
7. Not visible

### [SUSPICIOUS VEHICLE BEHAVIOR]
8. Not visible
9. Not visible
10. Not visible

### [VEHICLE IDENTIFICATION]
11. Not visible
12. Not visible
13. Not visible

### [PEDESTRIAN & CHILD SAFETY]
14. Not visible
15. Not visible
16. Not visible
17. Not visible"
20260511T210207Z,frame_124500.jpg,,,2026-04-18/LP_Parking_Restroom_Loitering_1/frame_124500.jpg,vehicle_prompts,done,2026-05-11T21:03:07.252003+00:00,0.031,0.958,0.992,,nvidia/cosmos-reason2-8b,"[GENERAL VEHICLE SAFETY]
1. Yes, the silver pickup truck is parked in a designated parking space, and there are no visible obstructions or erratic maneuvers.
2. Not visible

[COLLISIONS & NEAR MISSES]
3. No, there are no visible collisions or damage to the vehicles or surrounding area.
4. Not applicable

[PARKING & ACCESS VIOLATIONS]
5. No, the silver pickup truck is parked in a designated parking space, not in a fire lane or emergency access corridor.
6. Not applicable
7. Not applicable

[SUSPICIOUS VEHICLE BEHAVIOR]
8. Not applicable
9. Not applicable
10. Not applicable

[VEHICLE IDENTIFICATION]
11. Not applicable
12. Not visible
13. Silver Ford F-150 pickup truck
14. Not applicable
15. Not applicable
16. Not applicable
17. Not applicable"
20260511T210207Z,frame_125000.jpg,,,2026-04-18/LP_Parking_Restroom_Loitering_1/frame_125000.jpg,vehicle_prompts,done,2026-05-11T21:03:07.349339+00:00,0.034,0.882,0.919,,nvidia/cosmos-reason2-8b,"### [GENERAL VEHICLE SAFETY]
1. Not visible
2. Not visible

### [COLLISIONS & NEAR MISSES]
3. Not visible
4. Not visible

### [PARKING & ACCESS VIOLATIONS]
5. Not visible
6. Not visible
7. Not visible

### [SUSPICIOUS VEHICLE BEHAVIOR]
8. Not visible
9. Not visible
10. Not visible

### [VEHICLE IDENTIFICATION]
11. Not visible
12. Not visible
13. Not visible

### [PEDESTRIAN & CHILD SAFETY]
14. Not visible
15. Not visible
16. Not visible
17. Not visible"
20260511T210207Z,frame_125500.jpg,,,2026-04-18/LP_Parking_Restroom_Loitering_1/frame_125500.jpg,vehicle_prompts,done,2026-05-11T21:03:07.544809+00:00,0.037,0.944,0.985,,nvidia/cosmos-reason2-8b,"[GENERAL VEHICLE SAFETY]
1. Yes, both vehicles are parked in designated areas without obstruction or erratic behavior.
2. Not visible

[COLLISIONS & NEAR MISSES]
3. No
4. Not visible

[PARKING & ACCESS VIOLATIONS]
5. Not visible
6. Not visible
7. Not visible

[SUSPICIOUS VEHICLE BEHAVIOR]
8. Not visible
9. Not visible
10. Not visible

[VEHICLE IDENTIFICATION]
11. Not visible
12. Not visible
13. White sedan and silver SUV

[PEDESTRIAN & CHILD SAFETY]
14. Not visible
15. Not visible
16. Not visible
17. Not visible"
